{"text": [1, 1, 1], "selected": [1, 0.5, 0], "background": [0.20000000000000001, 0.20000000000000001, 0.20000000000000001, 0.5], "item": [0.90000000000000002, 0.90000000000000002, 0.90000000000000002]}
