{"text": [1, 1, 1, 1], "selected": [1, 0.5, 0, 1], "background": [0.2, 0.2, 0.2, 1], "item": [0.90000000000000002, 0.90000000000000002, 0.90000000000000002, 1]}
